{"accuracy": [0.3550083339214325, 0.577879786491394, 0.6878964900970459, 0.7631051540374756, 0.8088480830192566, 0.8545910120010376, 0.8876460790634155, 0.911352276802063, 0.9320534467697144, 0.9460768103599548, 0.9511685967445374, 0.9595993161201477, 0.9595158696174622, 0.9716193675994873, 0.9757930040359497, 0.9722036719322205, 0.9744574427604675, 0.9836394190788269, 0.9764607548713684, 0.9854757785797119, 0.9844741225242615, 0.9823873043060303, 0.9861435890197754, 0.9873956441879272, 0.9886477589607239, 0.9873956441879272, 0.9898163676261902, 0.9914023280143738, 0.9823038578033447, 0.9904841184616089], "loss": [1.800249457359314, 1.218051791191101, 0.9026790857315063, 0.6907513737678528, 0.5561352968215942, 0.4178628921508789, 0.33144497871398926, 0.26787006855010986, 0.19962099194526672, 0.16753937304019928, 0.14304837584495544, 0.12808750569820404, 0.12736640870571136, 0.09039081633090973, 0.07734780758619308, 0.08544618636369705, 0.08279561251401901, 0.04869440943002701, 0.07821551710367203, 0.04862653464078903, 0.050009824335575104, 0.059667523950338364, 0.04312879592180252, 0.04318147152662277, 0.03806115686893463, 0.04242663457989693, 0.03447572886943817, 0.02737223170697689, 0.06316967308521271, 0.03053390234708786], "val_accuracy": [0.5118530988693237, 0.6757929921150208, 0.7402337193489075, 0.8030049800872803, 0.8253756165504456, 0.857429027557373, 0.8587645888328552, 0.8731218576431274, 0.8921535611152649, 0.8911519050598145, 0.8968280553817749, 0.8978297114372253, 0.8931552767753601, 0.9041736125946045, 0.9008347392082214, 0.9005008339881897, 0.9021703004837036, 0.9161936640739441, 0.9151920080184937, 0.8941569328308105, 0.917863130569458, 0.9161936640739441, 0.904841423034668, 0.9225375652313232, 0.8964941501617432, 0.9292153716087341, 0.9248747825622559, 0.9242070317268372, 0.9345576167106628, 0.9215359091758728], "val_loss": [1.3879809379577637, 0.9764328598976135, 0.7622350454330444, 0.5883111953735352, 0.5317481160163879, 0.44905325770378113, 0.451581746339798, 0.38260552287101746, 0.33892297744750977, 0.36987215280532837, 0.3367624878883362, 0.3399469554424286, 0.34298276901245117, 0.3095262348651886, 0.3798789083957672, 0.36037540435791016, 0.3254355192184448, 0.29932817816734314, 0.32279613614082336, 0.45408129692077637, 0.30630847811698914, 0.31064465641975403, 0.3686562478542328, 0.29272568225860596, 0.48420780897140503, 0.30295267701148987, 0.2835955321788788, 0.3493809700012207, 0.25313666462898254, 0.28333428502082825]}